{"cameraMode":{"drawMode":0,"name":"Shaded","section":"Shading Mode"},"sceneLighting":true,"audioPlay":false,"sceneViewState":{"m_AlwaysRefresh":false,"showFog":true,"showSkybox":true,"showFlares":true,"showImageEffects":true,"showParticleSystems":true,"showVisualEffectGraphs":true,"m_FxEnabled":true},"in2DMode":false,"pivot":{"x":-0.40389156341552737,"y":2.5248026847839357,"z":-1.2638955116271973},"rotation":{"x":0.15564651787281037,"y":0.2887502610683441,"z":-0.04763561487197876,"w":0.9434670805931091},"size":4.2544379234313969,"orthographic":false}